{
    "a": 1,
    "b": [
        0.0005117880114426755,
        0.0005153766238898625,
        0.000517127276952743,
        0.000514378322307028,
        0.0005029561956515496,
        0.00047734221411617684,
        0.00043095422222023,
        0.0003565351885027032,
        0.0002466349236306974,
        9.416558835071444e-05,
        -0.00010699314339506302,
        -0.0003613672586929418,
        -0.000671270612845241,
        -0.0010362282505845595,
        -0.0014524728820304704,
        -0.001912545040761927,
        -0.0024050244822044244,
        -0.0029144160377425734,
        -0.0034212075686734207,
        -0.003902111067339835,
        -0.004330490583875288,
        -0.004676972809688526,
        -0.0049102281453728665,
        -0.004997902258589862,
        -0.004907670835082889,
        -0.004608383768237015,
        -0.004071259716746868,
        -0.0032710880423181448,
        -0.0021873928236690724,
        -0.0008055130709796912,
        0.0008824454913945486,
        0.002876828648031034,
        0.005169858699129983,
        0.007745296643122664,
        0.010578364170075025,
        0.013635939248334655,
        0.016877029466000344,
        0.020253517262747194,
        0.023711161141893772,
        0.027190827279740117,
        0.03062991703239341,
        0.033963948037927294,
        0.03712824024248351,
        0.040059653508482757,
        0.0426983206928408,
        0.04498931934139337,
        0.04688422648230806,
        0.048342504384527,
        0.04933267046516479,
        0.049833211593776024,
        0.049833211593776024,
        0.04933267046516479,
        0.048342504384527,
        0.04688422648230806,
        0.044989319341393365,
        0.0426983206928408,
        0.040059653508482757,
        0.03712824024248351,
        0.033963948037927294,
        0.03062991703239341,
        0.027190827279740114,
        0.023711161141893772,
        0.02025351726274719,
        0.016877029466000344,
        0.013635939248334653,
        0.010578364170075025,
        0.00774529664312266,
        0.005169858699129982,
        0.0028768286480310335,
        0.0008824454913945486,
        -0.0008055130709796909,
        -0.0021873928236690724,
        -0.0032710880423181443,
        -0.004071259716746868,
        -0.004608383768237014,
        -0.004907670835082888,
        -0.004997902258589862,
        -0.004910228145372867,
        -0.004676972809688523,
        -0.004330490583875287,
        -0.003902111067339835,
        -0.003421207568673418,
        -0.0029144160377425716,
        -0.0024050244822044244,
        -0.001912545040761927,
        -0.0014524728820304684,
        -0.001036228250584559,
        -0.000671270612845241,
        -0.0003613672586929418,
        -0.00010699314339506295,
        9.416558835071437e-05,
        0.0002466349236306974,
        0.0003565351885027032,
        0.0004309542222202296,
        0.00047734221411617657,
        0.0005029561956515496,
        0.0005143783223070273,
        0.000517127276952743,
        0.0005153766238898622,
        0.0005117880114426755
    ],
    "filter_delay": 50,
    "filter_win_len": 100,
    "off_delay": 6,
    "start_buffer": 3,
    "strike_delay": 8,
    "wn": 0.05
}
